user_id,username,password
1,mike,mike123
2,sara,sara123 
3,alex,alex123
4,john,john123
5,emma,emma123
6,lily,lily123
7,daniel,daniel123
8,oliver,oliver123
9,marie,marie123
10,kevin,kevin123
11,jason,jason123
12,alice,alice123
13,robert,robert123
14,anna,anna123
15,chris,chris123
16,sophia,sophia123
17,brian,brian123
18,nina,nina123
19,ethan,ethan123
20,helen,helen123
21,leo,leo123
22,julia,julia123
23,mark,mark123
24,ella,ella123
25,adam,adam123
26,irene,irene123
27,thomas,thomas123
28,kate,kate123
29,aaron,aaron123
30,rose,rose123
31,harry,harry123
32,mary,mary123
33,james,james123
34,susan,susan123
35,matt,matt123
36,hana,hana123
37,paul,paul123
38,linda,linda123
39,ryan,ryan123
40,clara,clara123
41,jack,jack123
42,nora,nora123
43,owen,owen123
44,melissa,melissa123
45,tim,tim123
46,sofia,sofia123
47,ben,ben123
48,irina,irina123
49,karl,karl123
50,sara2,sara2123
51,milan,milan123
52,joanna,joanna123
53,maks,maks123
54,alexa,alexa123
55,david,david123
56,jenny,jenny123
57,amir,amir123
58,paris,paris123
59,bruce,bruce123
60,monica,monica123
61,grant,grant123
62,raha,raha123
63,omid,omid123
64,karen,karen123
65,nick,nick123
66,jada,jada123
67,noah,noah123
68,liv,liv123
69,sam,sam123
70,ava,ava123
71,caleb,caleb123
72,diana,diana123
73,eli,eli123
74,hazel,hazel123
75,ivan,ivan123
76,joy,joy123
77,kai,kai123
78,lara,lara123
79,mona,mona123
80,neo,neo123
81,orhan,orhan123
82,peggy,peggy123
83,quentin,quentin123
84,rina,rina123
85,steve,steve123
86,tina,tina123
87,ugo,ugo123
88,vera,vera123
89,will,will123
90,xena,xena123
91,yuri,yuri123
92,zara,zara123
93,alvin,alvin123
94,betty,betty123
95,carol,carol123
96,dean,dean123
97,edgar,edgar123
98,fiona,fiona123
99,george,george123
100,holly,holly123
101,holly,holly123
102,isaac,isaac123
103,jade,jade123
104,kian,kian123
105,lucas,lucas123
106,mira,mira123
107,nathan,nathan123
108,olga,olga123
109,peter,peter123
110,queen,queen123
111,ron,ron123
112,selena,selena123
113,teo,teo123
114,ulya,ulya123
115,victor,victor123
116,wanda,wanda123
117,xavier,xavier123
118,yasmin,yasmin123
119,zack,zack123
120,arian,arian123
121,bella,bella123
122,cyrus,cyrus123
123,darya,darya123
124,elena,elena123
125,farid,farid123
126,gina,gina123
127,hadi,hadi123
128,ina,ina123
129,javad,javad123
130,kara,kara123
131,leo2,leo2123
132,mina,mina123
133,nolan,nolan123
134,ophelia,ophelia123
135,parsa,parsa123
136,qadir,qadir123
137,rachel,rachel123
138,shawn,shawn123
139,talia,talia123
140,umar,umar123
141,vali,vali123
142,wesley,wesley123
143,xena2,xena2123
144,yana,yana123
145,zohre,zohre123
146,arman,arman123
147,behnam,behnam123
148,camil,camil123
149,dorsa,dorsa123
150,elian,elian123
151,farhad,farhad123
152,goli,goli123
153,hamid,hamid123
154,iman,iman123
155,jina,jina123
156,kourosh,kourosh123
157,lara2,lara2123
158,mahsa,mahsa123
159,nima,nima123
160,omid2,omid2123
161,paniz,paniz123
162,roya,roya123
163,sanan,sanan123
164,tara,tara123
165,uyan,uyan123
166,vida,vida123
167,woody,woody123
168,xeno,xeno123
169,yalda,yalda123
170,zana,zana123
171,alex2,alex2123
172,brenda,brenda123
173,casper,casper123
174,danial,danial123
175,elisa,elisa123
176,ferry,ferry123
177,ghazal,ghazal123
178,hosein,hosein123
179,igor,igor123
180,jess,jess123
181,kian2,kian2123
182,lora,lora123
183,michael,michael123
184,neda,neda123
185,olaf,olaf123
186,payam,payam123
187,quincy,quincy123
188,ramin,ramin123
189,samira,samira123
190,tommy,tommy123
191,usman,usman123
192,venus,venus123
193,walter,walter123
194,xin,xin123
195,yosef,yosef123
196,zarina,zarina123
197,amir2,amir2123
198,baran,baran123
199,celine,celine123
200,dima,dima123
201,elvin,elvin123
202,farin,farin123
203,gary,gary123
204,hani,hani123
205,ilgar,ilgar123
206,jasmin,jasmin123
207,kristen,kristen123
208,lora2,lora2123
209,milad,milad123
210,nazanin,nazanin123
211,orelia,orelia123
212,pejman,pejman123
213,qasem,qasem123
214,roya2,roya2123
215,sahar,sahar123
216,tina2,tina2123
217,vahe,vahe123
218,waleed,waleed123
219,xera,xera123
220,yuki,yuki123
221,ziba,ziba123
222,amirhossein,amirhossein123
223,bahar,bahar123
224,chloe,chloe123
225,dorin,dorin123
226,elvira,elvira123
227,farshad,farshad123
228,gabriella,gabriella123
229,hamed,hamed123
230,imani,imani123
231,jovan,jovan123
232,kasra,kasra123
233,leila,leila123
234,mahdi,mahdi123
235,nader,nader123
236,odessa,odessa123
237,pooria,pooria123
238,quinn,quinn123
239,ramin2,ramin2123
240,shadi,shadi123
241,tara2,tara2123
242,vahid,vahid123
243,wendy,wendy123
244,xamir,xamir123
245,yara,yara123
246,zane,zane123
247,aria,aria123
248,bardia,bardia123
249,carla,carla123
250,damon,damon123
251,elham,elham123
252,farbod,farbod123
253,gordy,gordy123
254,hale,hale123
255,iman2,iman2123
256,jaber,jaber123
257,kourosh2,kourosh2123
258,lili,lili123
259,mina2,mina2123
260,narges,narges123
261,omid3,omid3123
262,paria,paria123
263,ramin3,ramin3123
264,sina,sina123
265,tarlan,tarlan123
266,vina,vina123
267,wes,wes123
268,xio,xio123
269,yuuki,yuuki123
270,zohal,zohal123
271,amirreza,amirreza123
272,bardia2,bardia2123
273,carol2,carol2123
274,darya2,darya2123
275,elina,elina123
276,faraz,faraz123
277,ghani,ghani123
278,hanieh,hanieh123
279,iman3,iman3123
280,jila,jila123
281,kamran,kamran123
282,leon,leon123
283,maryam,maryam123
284,nima2,nima2123
285,orion,orion123
286,parham,parham123
287,qul,qul123
288,ranna,ranna123
289,sahar2,sahar2123
290,taylor,taylor123
291,vali2,vali2123
292,winona,winona123
293,xal,xal123
294,younes,younes123
295,zeynab,zeynab123
296,alireza,alireza123
297,babak,babak123
298,catherine,catherine123
299,dylan,dylan123
300,elissa,elissa123
301,farhad2,farhad2123
302,gabriel,gabriel123
303,hassan,hassan123
304,ida,ida123
305,jordan,jordan123
306,karen2,karen2123
307,luna2,luna2123
308,mohsen,mohsen123
309,nazli,nazli123
310,oscar2,oscar2123
311,parisa2,parisa2123
312,qiara,qiara123
313,ramin4,ramin4123
314,sajjad,sajjad123
315,tala,tala123
316,vares,vares123
317,waylon,waylon123
318,xeran,xeran123
319,yasin,yasin123
320,zahed,zahed123
321,amirali,amirali123
322,bella2,bella2123
323,carl2,carl2123
324,dani,dani123
325,elena2,elena2123
326,farnoosh,farnoosh123
327,gloria,gloria123
328,hamed2,hamed2123
329,ida2,ida2123
330,jacob,jacob123
331,khashayar,khashayar123
332,lela,lela123
333,mahrokh,mahrokh123
334,nathan2,nathan2123
335,omid4,omid4123
336,paniz2,paniz2123
337,ramin5,ramin5123
338,soheil,soheil123
339,tino,tino123
340,vida2,vida2123
341,waldo,waldo123
342,xeta,xeta123
343,yalda2,yalda2123
344,zivar,zivar123
345,ahmad,ahmad123
346,behzad,behzad123
347,clara,clara123
348,darrel,darrel123
349,eli,eli123
350,fereshteh,fereshteh123
351,gavin,gavin123
352,hamzeh,hamzeh123
353,ivo,ivo123
354,jasmine2,jasmine2123
355,kourosh3,kourosh3123
356,lara3,lara3123
357,mary,mary123
358,nazanin2,nazanin2123
359,odin,odin123
360,padra,padra123
361,qadir2,qadir2123
362,ramin6,ramin6123
363,sabina,sabina123
364,tarlan2,tarlan2123
365,vedar,vedar123
366,wolfgang,wolfgang123
367,xiro,xiro123
368,yusef,yusef123
369,zara,zara123
370,amanda,amanda123
371,benjamin,benjamin123
372,camila,camila123
373,derek,derek123
374,elham2,elham2123
375,fardin,fardin123
376,golsa,golsa123
377,hossein2,hossein2123
378,ivan2,ivan2123
379,jonathan,jonathan123
380,katy,katy123
381,lori,lori123
382,mahdi2,mahdi2123
383,niloofar,niloofar123
384,omid5,omid5123
385,parham2,parham2123
386,qanit,qanit123
387,rodney,rodney123
388,sarina,sarina123
389,talia2,talia2123
390,vito,vito123
391,ward,ward123
392,xili,xili123
393,yagna,yagna123
394,zohre2,zohre2123
395,amirhossein2,amirhossein2123
396,barbad,barbad123
397,corin,corin123
398,danial2,danial2123
399,elara,elara123
400,farbod2,farbod2123
401,gabriel2,gabriel2123
402,hars,hars123
403,iman4,iman4123
404,jayden,jayden123
405,kimia,kimia123
406,lara4,lara4123
407,maxi,maxi123
408,navid,navid123
409,orhan,orhan123
410,pooran,pooran123
411,qarin,qarin123
412,reza2,reza2123
413,sami,sami123
414,tamir,tamir123
415,vahid2,vahid2123
416,warren,warren123
417,ximi,ximi123
418,yas,yas123
419,zamir,zamir123
420,anita,anita123
421,behrouz,behrouz123
422,casian,casian123
423,dony,dony123
424,elvin2,elvin2123
425,faezeh,faezeh123
426,ghazaleh,ghazaleh123
427,hadi2,hadi2123
428,iona,iona123
429,johnson,johnson123
430,karen3,karen3123
431,lina2,lina2123
432,marco,marco123
433,nazgol,nazgol123
434,oliver2,oliver2123
435,pasha,pasha123
436,qader,qader123
437,rasool,rasool123
438,shayan,shayan123
439,tina3,tina3123
440,vali3,vali3123
441,wayne,wayne123
442,xira,xira123
443,yalda3,yalda3123
444,zara2,zara2123
445,arian2,arian2123
446,benyamin,benyamin123
447,cecile,cecile123
448,davoud,davoud123
449,elma,elma123
450,fazel,fazel123
451,gilbert,gilbert123
452,hossein3,hossein3123
453,ilya,ilya123
454,javad2,javad2123
455,karen4,karen4123
456,lili2,lili2123
457,mehdi2,mehdi2123
458,nader2,nader2123
459,orlando,orlando123
460,parnian,parnian123
461,qamar,qamar123
462,rina,rina123
463,samira2,samira2123
464,tom2,tom2123
465,virgil,virgil123
466,wayne2,wayne2123
467,xandar,xandar123
468,yasaman,yasaman123
469,zaniar,zaniar123
470,alexa,alexa123
471,bita,bita123
472,camil2,camil2123
473,dorina,dorina123
474,elara2,elara2123
475,farbod3,farbod3123
476,gordon,gordon123
477,hamid3,hamid3123
478,iran,iran123
479,jenny,jenny123
480,kimiya,kimiya123
481,lara5,lara5123
482,mina3,mina3123
483,nilo,nilo123
484,omid6,omid6123
485,payman,payman123
486,qazal,qazal123
487,rayan,rayan123
488,sarina2,sarina2123
489,terry,terry123
490,vida3,vida3123
491,william,william123
492,xena3,xena3123
493,yarok,yarok123
494,zohre3,zohre3123
495,aria2,aria2123
496,behrang,behrang123
497,cecily,cecily123
498,danar,danar123
499,elice,elice123
500,farhad3,farhad3123
501,gero,gero123
502,hosna,hosna123
503,ilyas,ilyas123
504,jana,jana123
505,kami,kami123
506,lora3,lora3123
507,mani,mani123
508,nazli2,nazli2123
509,oren,oren123
510,parsa2,parsa2123
511,qassem,qassem123
512,roya3,roya3123
513,sohrab,sohrab123
514,tahir,tahir123
515,vali4,vali4123
516,west,west123
517,xero,xero123
518,yaran,yaran123
519,zara3,zara3123
520,arman2,arman2123
521,barzin,barzin123
522,chris,chris123
523,damon2,damon2123
524,elida,elida123
525,frank,frank123
526,gabriel3,gabriel3123
527,hosein3,hosein3123
528,iman5,iman5123
529,jessie,jessie123
530,karen5,karen5123
531,lena,lena123
532,mahya,mahya123
533,nima3,nima3123
534,omid7,omid7123
535,pooria2,pooria2123
536,qadir3,qadir3123
537,rayan2,rayan2123
538,samaneh,samaneh123
539,tara3,tara3123
540,vegan,vegan123
541,walid,walid123
542,xaman,xaman123
543,yaghoob,yaghoob123
544,zahra,zahra123
545,alina,alina123
546,borna,borna123
547,corey,corey123
548,dorsa2,dorsa2123
549,elvin3,elvin3123
550,farnaz,farnaz123
551,mina,mina123
552,navid,navid123
553,ramin,ramin123
554,sara,sara123
555,shahab,shahab123
556,ali,ali123
557,azita,azita123
558,mehran,mehran123
559,parsa,parsa123
560,niloofar,niloofar123
561,sina,sina123
562,laleh,laleh123
563,omid,omid123
564,sahar,sahar123
565,soheil,soheil123
566,mahsa,mahsa123
567,farhad,farhad123
568,armin,armin123
569,nazanin,nazanin123
570,peyman,peyman123
571,navid2,navid2123
572,shirin,shirin123
573,erfan,erfan123
574,shahriar,shahriar123
575,mahdi,mahdi123
576,rezvan,rezvan123
577,azadeh,azadeh123
578,kamran,kamran123
579,behzad,behzad123
580,shadi,shadi123
581,omid2,omid2123
582,rosha,rosha123
583,amir,amir123
584,elham,elham123
585,mehrdad,mehrdad123
586,parvin,parvin123
587,shahrokh,shahrokh123
588,nima,nima123
589,pooya,pooya123
590,marjan,marjan123
591,ashkan,ashkan123
592,arya,arya123
593,shabnam,shabnam123
594,ali2,ali2123
595,sina2,sina2123
596,narges,narges123
597,kourosh,kourosh123
598,samira,samira123
599,pouya2,pouya2123
600,mahrokh,mahrokh123
601,yasmin,yasmin123
602,behrooz,behrooz123
603,farnaz,farnaz123
604,omid3,omid3123
605,roozbeh,roozbeh123
606,maral,maral123
607,shahab2,shahab2123
608,soheila,soheila123
609,amin,amin123
610,parisa,parisa123
611,navid3,navid3123
612,elina,elina123
613,ramin2,ramin2123
614,sahar2,sahar2123
615,arash,arash123
616,mahsa2,mahsa2123
617,farzad,farzad123
618,shiva,shiva123
619,peyman2,peyman2123
620,navid4,navid4123
621,mehrnaz,mehrnaz123
622,soheil2,soheil2123
623,roozbeh2,roozbeh2123
624,azita2,azita2123
625,ali3,ali3123
626,niloofar2,niloofar2123
627,omid4,omid4123
628,shahrokh2,shahrokh2123
629,marjan2,marjan2123
630,pooya3,pooya3123
631,yasmin2,yasmin2123
632,behzad2,behzad2123
633,farnaz2,farnaz2123
634,armin2,armin2123
635,shabnam2,shabnam2123
636,ashkan2,ashkan2123
637,arya2,arya2123
638,shahriar2,shahriar2123
639,mahdi2,mahdi2123
640,rezvan2,rezvan2123
641,narges2,narges2123
642,pooya4,pooya4123
643,maral2,maral2123
644,samira2,samira2123
645,amin2,amin2123
646,parisa2,parisa2123
647,elham2,elham2123
648,behrooz2,behrooz2123
649,soheila2,soheila2123
650,farhad2,farhad2123
651,mina2,mina2123
652,navid5,navid5123
653,ramin3,ramin3123
654,sara2,sara2123
655,shahab3,shahab3123
656,ali4,ali4123
657,azita3,azita3123
658,mehran2,mehran2123
659,parsa2,parsa2123
660,niloofar3,niloofar3123
661,sina3,sina3123
662,laleh2,laleh2123
663,omid5,omid5123
664,sahar3,sahar3123
665,soheil3,soheil3123
666,mahsa3,mahsa3123
667,farhad3,farhad3123
668,armin3,armin3123
669,nazanin2,nazanin2123
670,peyman3,peyman3123
671,navid6,navid6123
672,shirin2,shirin2123
673,erfan2,erfan2123
674,shahriar3,shahriar3123
675,mahdi3,mahdi3123
676,rezvan3,rezvan3123
677,azadeh2,azadeh2123
678,kamran2,kamran2123
679,behzad3,behzad3123
680,shadi2,shadi2123
681,omid6,omid6123
682,rosha2,rosha2123
683,amir2,amir2123
684,elham3,elham3123
685,mehrdad2,mehrdad2123
686,parvin2,parvin2123
687,shahrokh3,shahrokh3123
688,nima2,nima2123
689,pooya5,pooya5123
690,marjan3,marjan3123
691,ashkan3,ashkan3123
692,arya3,arya3123
693,shabnam3,shabnam3123
694,ali5,ali5123
695,sina4,sina4123
696,narges3,narges3123
697,kourosh2,kourosh2123
698,samira3,samira3123
699,pouya6,pouya6123
700,mahrokh2,mahrokh2123
701,arian,Ar!an782
702,melika,Meli_4477
703,hanieh,Hani#92x
704,pouyan,P0uY@n33
705,mehrshad,Msh_2025!
706,yalda,YalDa55*
707,mohsen,Moh_8842
708,hedieh,HediehX71
709,saeed,S3d_194
710,roya,Roya!765
711,arman,Arm_4410
712,kimia,Kim77@aa
713,shayan,ShyN_993
714,donya,Dny_!224
715,hasti,Hasti55##
716,aria,Ar1a_xx49
717,behzad4,Bhz4_72!
718,farrokh,Frkh_558
719,ilia,Ilia_2271
720,roya2,Roya2#118
721,nazli,NzL_77!!
722,danial,Dan_0809
723,melisa,Mel!sa_33
724,ramin4,Ram4@n82
725,elina2,El!na_55x
726,payam,Pym_9011
727,negar,Negar*114
728,amirhossein,AmH_7739
729,shakiba,Shkb_4420
730,yousef,Ysf_1825
731,kimia2,K2mia!78
732,matin,Matn_560*
733,hassan,Hss#442
734,shakoor,Shkr_0922
735,ramin5,R5Min@77
736,roya3,Roya3!88
737,farshid,Frsh!d_14
738,mona,Mona_862*
739,amirreza,ARz_4491
740,dena,Dena_73!1
741,aria2,Aria2##88
742,samira4,Sam4_ra*
743,shervin,Sherv!n22
744,parinaz,Prnz_5524
745,omid7,Om7#4421
746,kian,KianX_990
747,bardia,Brd_2277
748,helia,Hl!a_90x
749,yalda2,Yal2_da*
750,shahab4,Shb4#115
751,arian2,Ar2n@773
752,kasra,Ksr_5990
753,niloof,Nil_f44#
754,mehran3,Mhrn3!52
755,azadeh3,Azd3_551
756,milad,Mil@d_741
757,elina3,E3lna_22*
758,yeganeh,Ygn_2000
759,ramin6,Rm6_!29a
760,arian3,Ar3!n772
761,sara3,Sra3_50#
762,parsa3,Prs3_1778
763,melika2,Mlk2!411
764,kasra2,Ks2ra#91
765,yasi,Ysi_090!
766,hesam,Hsm_4422
767,soheil4,Soh4#x33
768,pejman,Pjm@818
769,arya4,Ar4a_1441
770,hamid,Hmd_939!
771,roya4,Ry4_2202
772,alireza,Alrz!312
773,kamyab,Kmyb#40x
774,saman,Smn_552!
775,ardi,Ardi_7721
776,maryam,Mrym@884
777,arman2,Arm2!001
778,pooria,Pr1a_782
779,arshia,Arsh#883
780,khashayar,Kshr_22*
781,mehrsa,Mhr@sa44
782,javid,Jvid_091
783,shiva2,Shv2_4001
784,shaya,Shy_1188!
785,erfan3,Erf3#901
786,matin2,Mat2_918
787,naznin,Nzn!n551
788,kasra3,Ksr3#911
789,ehsan,Ehs@n227
790,nami,Nami_!
791,roya5,Ry5_1199
792,ramin7,R7min#44
793,alina2,Aln2!772
794,hasti2,Hst2_008
795,kimia3,Kim3#557
796,baran,Brn_4421
797,amirali,Amrl_882
798,hanif,Hnf_1995
799,ramin8,R8min_522
800,nazli2,Nzl2@17
801,sadra,Sdr!449
802,arman3,Ar3n_282
803,mohammad,Mmd_941*
804,kamyar,Kmyr@88x
805,shayan2,Shy2_7!!1
806,nazanin3,Nzn3_410
807,pooria2,Pra2_100
808,arshia2,Ars2!921
809,arian4,Ar4n_191
810,saba,Sb_4410
811,hanieh2,Hnh2#29
812,mehrdad3,Mhd3_909
813,arian5,Ar5ian#12
814,ramin9,Rm9_4400
815,roya6,Rya6_91*
816,kimia4,Kim4!772
817,bardia2,Brd2#88
818,khashayar2,Ksh2_993
819,nazli3,Nzl3!400
820,dariush,Drsh@742
821,yousef2,Ysf2_128
822,matin3,Mat3!991
823,farbod,Frbd_5521
824,ali6,Ali6#177
825,nazila,Nzl@099
826,danial2,Dan2_772
827,pouya7,P7uya_44
828,ramin10,Rm10_500
829,roya7,Ry7!440
830,elina4,El4na@51
831,mahgol,Mhgl_200
832,kimia5,Kim5#x90
833,mona2,Mna2_771
834,hediyeh,Hdyh_2299
835,kourosh3,Ksh3#552
836,matin4,M4tn_077
837,yasna,Ysn!991
838,amir3,Amr3_800
839,hosein,Hsn_5502
840,negin,Ngn_!!88
841,arian6,Ar6n_771
842,nazanin4,Nzn4#05
843,parsa4,Prs4_229
844,hiva,Hiva_100*
845,ramin11,Rm11!21
846,shahab5,Shb5_773
847,alina3,Aln3#991
848,erfan4,Er4n_090
849,sara4,Sra4!52
850,pooria3,Pra3_773
851,kamran3,Kmr3!40x
852,mehrab,Mhrb_921
853,hasti3,Hst3_090
854,roya8,Ry8@5422
855,arman4,Ar4n_21!
856,aria3,Ar3a_800
857,saba2,Sba2_11
858,yalda3,Yal3#552
859,parsa5,Prs5@40
860,amir4,Amr4#901
861,kimia6,Kim6!!!x
862,farzad2,Frz2_720
863,milad2,Mld2@474
864,kamran4,Kmr4_55!
865,mehrsa2,Mrsa2#22
866,nazli4,Nzl4_903
867,arian7,Ar7n_550
868,mona3,Mna3_442
869,amirali2,AmrA2!22
870,yasna2,Ysn2@190
871,javid2,Jvd2_00!
872,donya2,Dny2!205
873,hiva2,Hv2_773
874,ramin12,Rm12@87
875,roya9,Ry9_1000
876,heliya,Hly@929
877,baran2,Brn2_882
878,alireza2,Alrz2_11
879,arman5,Ar5n!54
880,kimia7,K7mia!22
881,parsa6,P6rsa_55
882,navid7,Nvd7#90
883,kasra4,Ksr4!901
884,matin5,Mat5_782
885,sahar4,Shr4_552
886,elina5,El5na_77
887,mina3,Mna3#44
888,amir5,Amr5_11*
889,kourosh4,Ksr4_228
890,dariush2,Drs2!092
891,nazanin5,Nzn5_770
892,kimia8,Kim8#177
893,ramin13,Rm13@22
894,roya10,Ry10_991
895,amiral,AmrL_001
896,arian8,Ar8n*009
897,sadra2,Sdr2_030
898,mehrdad4,Mhd4_500
899,shiva3,Shv3_440
900,nazli5,Nzl5@003
901,maryam2,Mrym2#44
902,ardalan,Ardl_882
903,arsalan,Arsl!33x
904,parsa7,P7rsa_009
905,kimia9,Kim9@990
906,ramin14,Rm14_551
907,roya11,Ry11*003
908,arman6,Ar6n!111
909,parsa8,P8rsa_772
910,mehrab2,Mhrb2#88
911,kimia10,Kim10_100
912,sarina,Srn@412
913,erfan5,Erf5_889
914,omid8,Om8#144
915,payam2,Pym2_901
916,nazli6,Nzl6_551
917,arian9,Ar9n_772
918,roya12,Ry12!44
919,pouya8,P8uya_21
920,kimia11,Kim11@09
921,arshia3,Ars3!887
922,matin6,Mat6_902
923,farbod2,Frbd2_55
924,hasti4,Hst4_111
925,amir6,Am6r_551
926,kasra5,Ks5ra!22
927,alina4,Aln4#009
928,roya13,Ry13@72
929,ramin15,R15mi_90
930,mehrshad2,Mshd2_771
931,nazanin6,Nzn6#225
932,kimia12,Kim12!88
933,yasna3,Ysn3_944
934,arman7,Ar7n_499
935,ero,Ero_00#11
936,milad3,Mld3@802
937,shayan3,Shy3_221
938,pouya9,P9uya!90
939,nazli7,Nzl7_009
940,javid3,Jvd3!882
941,kimia13,Kim13!!x
942,ramin16,Rm16_140
943,roya14,Ry14_550
944,sadra3,Sdr3_19!
945,sara5,Sra5#112
946,arshia4,Ars4!551
947,arian10,Ar10n_00!
948,mehdi4,Mhd4@22
949,parsia,PrsA_009
950,kimia14,Kim14_772
951,baran3,Brn3#887
952,arman8,Ar8mn_351
953,ramin17,Rm17_009
954,nazanin7,Nzn7!44
955,pouya10,P10uya@2
956,soheil5,Sol5_77x
957,alina5,Aln5_800
958,kourosh5,Ksr5@72
959,parsa9,P9rsa_552
960,kimia15,K15mia!0
961,javid4,Jvd4_551
962,roya15,Ry15#013
963,amir7,Amr7_881
964,arman9,Ar9n@55
965,ramin18,Rm18*991
966,nazli8,Nzl8_101
967,matin7,Mat7_001
968,parsa10,P10rsa@90
969,mehrab3,Mhrb3_775
970,khashayar3,Ksh3!91
971,kimia16,Kim16_289
972,sarina2,Srn2!41
973,amirali3,AmrA3@29
974,sadra4,Sdr4_551
975,roya16,Ry16!710
976,arian11,Ar11n*55
977,hasti5,Hst5_770
978,matin8,Mat8@771
979,baran4,Brn4_22x
980,pouya11,P11uya_80
981,kimia17,K17mia!2
982,javid5,Jvd5_441
983,roya17,Ry17_442
984,sarina3,Srn3@11
985,amir8,Amr8_772
986,alina6,Aln6_090
987,ramin19,Rm19#001
988,nazli9,Nzl9!!31
989,parsa11,P11rsa_17
990,khashayar4,Ksh4_77!
991,sadra5,Sdr5_781
992,maryam3,Mrym3#91
993,kimia18,Kim18*178
994,arman10,Ar10m_909
995,amir9,Amr9_553
996,ariya,Ary@55x
997,matin9,Mat9_014
998,roya18,Ry18_220
999,ramin20,Rm20!44
1000,kimia19,Kim19_999
1001,lucas,Lc_2024!x
1002,ahmad,Ahm#1190
1003,sven,SvN_881
1004,renzo,Rnz_44!2
1005,sofia,Sofia_993
1006,mehmet,Mhmt@77
1007,kevin,Kvn_5521
1008,nadia2,Nad2!401
1009,hiro,Hiro_009!
1010,emir,Emr_772
1011,valentina,Val_1100
1012,mohamad2,Mhd2@66
1013,liam2,Lm2_88#
1014,anita,Anita_55x
1015,javier,Jvr_9931
1016,elham2,Elh2#772
1017,marek,Mrk_448!
1018,antonio,Ant_3009
1019,kazuki,Kzk_11@x
1020,faris,Frs_903*
1021,clara,Clara!221
1022,vikram,Vkm@882
1023,nikola,Nkl_552
1024,ines,In3s_901
1025,samir,Smr_002*
1026,alba,Alb_991!
1027,luka,Luka_99x
1028,hossein3,Hsn3_141
1029,zara2,Zr2_119
1030,diego,Dg_22!1
1031,rina,Rina_440
1032,omid9,Om9d@502
1033,leon,Leon_050!
1034,ahmet,AhmT_72x
1035,veronika,Ver_5521
1036,pablo,Pbl_600!
1037,samira5,Sam5_119
1038,rocco,Rcc_441
1039,anas,Ans_7722
1040,eliza,Elz_930!
1041,kaito,Kto_00!2
1042,amir10,Amr10#90
1043,yunus,YnS_772
1044,bella,Bla_4451
1045,eduardo,Edw_552
1046,farnaz,Frnz_90!
1047,marco,Mrco@522
1048,petra,Ptr_44x
1049,saif,Sf_9090!
1050,naomi,Nm_4421
1051,ivan,Ivn_120x
1052,javad,Jvd_807!
1053,yuki,Yk_0911
1054,alejandro,Alj_893
1055,habib,Hbb_08!
1056,maria2,Mra2_771
1057,steven,Stv#991
1058,roya19,Ry19_229
1059,ayse,Ays_552
1060,alexis,Alx_780!
1061,amirali4,ArA4@20
1062,deniz,Dnz_141!
1063,gustav,Gstv_1189
1064,giulia,Gia_442
1065,ahmad2,Amd2!!33
1066,rin,R1n_904
1067,anton,Ant0n_442
1068,milad4,Mld4#771
1069,ines2,In2s_88!
1070,ali7,Al7_7721
1071,eman,Eman*991
1072,karen,KrN_5522
1073,zoltan,Ztn_44@1
1074,hasan2,Hsn2_551
1075,fabio,Fbo@72!
1076,narges2,Nrg2_200
1077,amirhos,AmHs_22x
1078,erik,Er1k_551
1079,francisco,Frn_310!
1080,katya,Kty_101x
1081,saeed2,S3d2_500
1082,marina,Mra_773
1083,farhad2,Fhd2!22
1084,nicolai,Ncl_901
1085,alya,Alya!!55
1086,takeshi,Tksh_72
1087,nasir,Nsr_9912
1088,elena3,Eln3_221
1089,jorge,Jrg@771
1090,amirreza2,AmrR2!1
1091,thiago,Thg_441
1092,hana,Hna_720!
1093,omer2,Omr2_551
1094,sonia,Sna_990!
1095,yosef2,Ysf2@10
1096,lina2,Lna2_552
1097,mehdi5,Mhd5_441
1098,leila3,Lla3#221
1099,naji,Naji_991
1100,louis,L0u!552
1101,adil,Adl_300x
1102,kamila,Kml_770!
1103,soheil6,Soh6_117
1104,armin4,Arm4_551
1105,freya,Fry_44@x
1106,amirhosein2,AmHs2_80
1107,orhan,Orh_882
1108,felipe,Flp_447
1109,hina,Hna_009!
1110,kamran5,Kmr5@772
1111,carla,Carla_52x
1112,kasra6,Ksr6_551
1113,andrei,Andr_7721
1114,mona4,Mna4_009
1115,yara,Yr_991*
1116,amir11,Am11@551
1117,julian,Jln_1190
1118,mahsa2,Mhs2!52
1119,rayhan,Ryn_44x
1120,dennis,Dns_001*
1121,omid10,Om10#81
1122,selin,Sln_5511
1123,ahmad3,Amd3_144
1124,hans,Hns_772
1125,carlos,Cr1s_551
1126,josef,Jsf_55!1
1127,genevieve,Gen_300!
1128,kuro,Kro_9022
1129,dara2,Dr2_112
1130,matteo,Mtt_220
1131,taha,Taha_410!
1132,aydin,Aydin@77
1133,valeria,Valr_550
1134,omid11,Om11#408
1135,ken,Ken_141*
1136,zaki,Zki_9020
1137,roberto,Rbrt_552
1138,nana,Nna_888
1139,dion,Dn_400!
1140,hadi5,Hd5_551x
1141,yasmine2,Ysm2#55
1142,sasha,Ssh_772
1143,ibrahim,Ibr_11!1
1144,adil2,Adl2_029
1145,milena,Mln_5521
1146,kamran6,Kmr6*49
1147,marwan,Mrwn_441
1148,sara6,Sra6!902
1149,elian,Eln_120
1150,amir12,Am12_990
1151,niko,Nko#772
1152,antonella,Antl_221
1153,kian2,Kian2@55
1154,thierry,Thy_009
1155,farzad3,Frz3_441
1156,monika,Monk_55!
1157,amirali5,AmAl5!2
1158,hashem,Hsh_118
1159,iran2,Irn2_221x
1160,david2,Dvd2@90
1161,bruno,Brn0_552
1162,katrin,Ktrn_11*
1163,omer3,Omr3_771
1164,danial3,Dn3l_660
1165,armita,Armt_44@1
1166,samed,Smd_5521
1167,ilya,Ilya_881
1168,nazanin8,Nzn8_19!
1169,amirhossein3,AmHs3_11
1170,cem,Cem_552
1171,mohsen2,Mhsn2#52
1172,malik,Mlk_000!
1173,emilia,Emil_22x
1174,parsa12,Prs12_71
1175,amir13,Amr13_72
1176,daniel,Dan_4471
1177,melina2,Mlna2!1
1178,tim,Tim_221x
1179,nora,Nra_902
1180,hasan3,Hsn3@44
1181,marc,Marc_77!
1182,shirin2,Shr2_550
1183,kareem,Krm_551
1184,farid3,Frd3_82!
1185,jonas,Jns_441x
1186,amir14,Amr14#7
1187,sofia2,Sof2_920
1188,mustafa,Mstf_292
1189,melissa,Mel_4412
1190,hossein4,Hsn4_772
1191,tara,Tara_11!
1192,ugo,Ugo_551@
1193,parham2,Prh2_993
1194,leonid,Lnd_774
1195,murad,Mrd_44x
1196,yumi,Ym!_2000
1197,amirabbas,AmAb_552
1198,fatima,Ftm_40!
1199,salvador,Slv_5511
1200,hosein2,Hsn2@220
1201,nasir2,Nsr2_771
1202,sean,Se@n_44*
1203,armita2,Armt2!80
1204,larissa,Lrs_7721
1205,amir15,Am15_009
1206,omar,Omar_44!
1207,yohan,Yhn_440*
1208,raha2,Rh2_551
1209,johan,Jhn_22@2
1210,ahmed2,Amd2_991
1211,karim,Krm_100!
1212,giovanni,Gov_772
1213,homa,Hma_55@x
1214,amir16,Am16!300
1215,osman,Osm_552
1216,marco2,Mrc2@11
1217,tina2,Tna2_600
1218,nate,N8t_009!
1219,sabina,Sbn_772
1220,ibrahim2,Ibr2@44
1221,yasmin3,Ysm3_500
1222,amir17,Am17#551
1223,andrea,Andr_770
1224,emir2,Emr2_11@
1225,olga,Olga_991
1226,hossein5,Hsn5*55
1227,luna2,Lna2_221
1228,amir18,Am18_422
1229,ivan2,Ivn2@551
1230,sohrab2,Shrb2_72
1231,katia,Ktia_33x
1232,parham3,Prh3_11*
1233,roland,Rln_772
1234,mehdi6,Mhd6#20
1235,tom,T0m_552!
1236,hosam,Hsm_442
1237,martin2,Mrt2@22
1238,amir19,Am19_991
1239,shayan4,Shy4_550
1240,alex,A1ex_772
1241,amin2,Amn2_710
1242,karen2,KrN2_55@
1243,farzin2,Frz2!9x
1244,mehdi7,Mhd7_001
1245,paolo,Pl_2210
1246,jessica,Jss_72*
1247,amir20,Am20#441
1248,said,Sd_992!
1249,parsa13,Prs13_44
1250,amina,Ami_002@
1251,hossein6,Hsn6_800
1252,marcel,Mcl_90x
1253,yuki2,Yk2_551
1254,rahim,Rhm_551x
1255,farzad4,Frz4@920
1256,kristen,Krs_71*
1257,amir21,Am21_7721
1258,javad2,Jvd2@14
1259,henrik,Hnrk_44x
1260,hadi6,Hd6_140
1261,patrick,Ptrk_001
1262,nagisa,Ngs_551
1263,amir22,Am22*71
1264,elham3,Elh3_447
1265,mustafa2,Mst2@44
1266,ayaan,Ayn_1188
1267,emil,Em1l_551!
1268,leila4,Lla4_002
1269,tobias,Tbs_771
1270,amir23,Am23_550
1271,lara,Lra_910
1272,michael,Mch_88#1
1273,sadegh3,Sdq3@20
1274,kaito2,K2to_55x
1275,farhad3,Fhd3_20!
1276,ray,Ry_7721
1277,soroush,Src_901
1278,amir24,Am24#02
1279,vitaly,Vtl_440
1280,donya3,Dny3_118
1281,hossein7,Hsn7_771
1282,isabella,Isb_551!
1283,nima2,Nma2@140
1284,gustavo2,Gst2_44*
1285,amir25,Am25_991
1286,shiva4,Shv4_310
1287,dimitri,Dmt_771
1288,faraz2,Frz2_901
1289,leon3,Ln3_552
1290,karen3,Krn3!40
1291,amir26,Am26_772
1292,ines3,In3s_881
1293,alex2,Alx2@22
1294,kamal,Kml_551
1295,fabian2,Fbn2_20!
1296,hossein8,Hsn8@90
1297,carolina,Crln_441
1298,amir27,Am27_551*
1299,damian,Dmn_778
1300,katrina,Ktrn_55!
1301,liam,L1am_998!
1302,amelia,Am3!a442
1303,oscar,Osc_77x
1304,clara,Cl@ra22
1305,elias,El1_551!
1306,ines,In3s_009
1307,omar,Omr_772!
1308,valeria,VlR_1100
1309,renzo,Rnz_33x
1310,sofia,Sf!a221
1311,ahmed,Ahm_552!
1312,marina,Mrn_990
1313,kevin,Kvn_442x
1314,nadia,Nd!22q
1315,hiro,Hr0_771
1316,samira,Smr_550*
1317,felix,Flx_119!
1318,anita,An!ta009
1319,javier,Jvr_772
1320,elham,Elh_441!
1321,marco,MRC_009
1322,kaito,Kt0_551
1323,amirali,AmA_112!
1324,renee,RnE_220
1325,helena,HlN_33x
1326,noah,NhA_772
1327,youri,Yr_55go
1328,karla,Krl_440!
1329,amirhossein,AHS_223
1330,santiago,Stg_990!
1331,chiara,Ch!a552
1332,andrei,And_009
1333,jade,Jd_771!
1334,edgar,Edg_442
1335,lucia,LcA_112!
1336,osman,Osm_900
1337,farah,FrH_441!
1338,bruno,BrN_220
1339,jessica,Js_772!
1340,kaito2,Kt2_551
1341,alessia,AlS_009!
1342,amirali2,Am2_442
1343,renee2,Rn2_990!
1344,hugo,Hg_550
1345,mariam,MrM_221!
1346,tiago,Tg_772
1347,elvin,Elv_009!
1348,manuela,MnL_440
1349,hina,Hn_772!
1350,ricardo,Rcd_112
1351,olivia,Oli_990!
1352,ayman,Aym_551
1353,giulio,Gl0_220!
1354,sonia,SnA_772
1355,marek,MK_009!
1356,aisha,Ash_550
1357,lionel,LnL_441!
1358,ramona,Rmn_772
1359,stefan,Stf_112!
1360,karim,KrM_990
1361,silvia,Slv_551!
1362,diego,Dg_220
1363,leila,LlA_772!
1364,haruto,Hrt_009
1365,george,Grg_550!
1366,yasuko,Ysk_441
1367,joel,JL_772!
1368,adriana,Adr_112
1369,fedor,FrD_990!
1370,salome,Slm_551
1371,arthur,ArTh_220!
1372,zahira,Zhr_772
1373,mika,Mk_112!
1374,evangelos,EvG_990
1375,pia,Pia_551!
1376,farid,Frd_220
1377,stella,Stl_772!
1378,kenan,KnN_112
1379,marwa,MwA_990!
1380,israel,IsR_551
1381,ana,AnA_220!
1382,samir,SmR_772
1383,davide,Dvd_112!
1384,hanako,Hnk_990
1385,georgina,GnA_551!
1386,moussa,MsA_220
1387,nadia2,Nd_772!
1388,ivo,IV_112
1389,sergio,Srg_990!
1390,yara,Yr_551
1391,adrian,Adr_220!
1392,ana2,An2_772
1393,amelie,Am!_112
1394,ivan,Ivn_990!
1395,sohrab,Shb_551
1396,katia,Kta_220!
1397,parham,Prh_772
1398,roland,Rln_112!
1399,mehdi,Mhd_990
1400,tom,T0m_551!
1401,hosam,Hsm_220
1402,martin,Mrt_772!
1403,amir2,Am2r_112
1404,freya,Fry_990!
1405,amirhosein,AmHs_551
1406,orhan,Orh_220!
1407,felipe,Flp_772
1408,hina2,Hn_112!
1409,kamran,Kmr_990
1410,carla,Car_551!
1411,kasra,Ksr_220
1412,andrei2,And2_772!
1413,mona,Mna_112
1414,yara2,Yr2_990!
1415,amirali3,AmA3_551
1416,hashem,Hsh_220!
1417,iran,Iran_772
1418,david,Dvd2_112!
1419,bruno2,Brn2_990
1420,katrin,Ktr_551!
1421,omer,Omr_220
1422,danial,Dn3l_772!
1423,armita,Armt_112
1424,samed,Smd_990!
1425,ilya,Ilya_551
1426,nazanin,Nzn_220!
1427,amirhossein2,Ahs2_772
1428,cem,Cem_112!
1429,mohsen,Mhsn_990
1430,malik,Mlk_551!
1431,emilia,Emil_220
1432,parsa,Prs_772!
1433,amir3,Amr3_112
1434,daniel,Dn_990!
1435,melina,Mlna_551
1436,tim,Tim_220!
1437,nora,Nra_772
1438,hasan,Hsn3_112!
1439,marc,Marc_990
1440,shirin,Shr2_551!
1441,kareem,Krm_220
1442,farid2,Frd3_772!
1443,jonas,Jns_112
1444,amir4,Amr4_990!
1445,sofia3,Sf3_551
1446,mustafa,Mstf_220!
1447,melissa,Mel_772
1448,hossein,Hsn4_112!
1449,tara,Tara_990
1450,ugo,Ugo_551!
1451,parham2,Prh2_220
1452,leonid,Lnd_772!
1453,murad,Mrd_112
1454,yumi,Ym_990!
1455,amirabbas,AmAb_551
1456,fatima,Ftm_220!
1457,salvador,Slv_772
1458,hossein2,Hsn2_112!
1459,nasir,Nsr_551!
1460,sean,Se@n_220
1461,armita2,Armt2_772!
1462,larissa,Lrs_112
1463,amir5,Am5_990!
1464,omar,Omar_551
1465,yohan,Yhn_220!
1466,raha,Rh2_772
1467,johan,Jhn_112
1468,ahmed,Ahm2_990!
1469,karim,Krm2_551
1470,giovanni,Gov_220!
1471,homa,Hma_772
1472,amir6,Am6_112!
1473,osman,Osm_990
1474,marco2,Mrc2_551
1475,tina,Tna_220!
1476,nate,N8t_772
1477,sabina,Sbn_112!
1478,ibrahim,Ibr2_990
1479,yasmin,Ysm3_551!
1480,amir7,Am7_220
1481,andrea,Andr_772!
1482,emir,Emr2_112
1483,olga,Olga_990!
1484,hossein,Hsn5_551
1485,luna,Lna2_220!
1486,amir8,Am8_772
1487,ivan,Ivn2_112!
1488,sohrab2,Shrb2_990
1489,katia,Ktia_551!
1490,parham3,Prh3_220
1491,roland2,Rln2_772!
1492,mehdi2,Mhd6_112
1493,tom2,T0m_990!
1494,hosam2,Hsm_551
1495,martin2,Mrt2_220!
1496,amir9,Am9_772
1497,freya2,Fry2_112!
1498,amirhosein3,AmHs3_990
1499,orhan2,Orh2_551!
1500,felipe2,Flp2_220
1501,hina3,Hn2_772
1502,kamran2,Kmr2_112!
1503,carla2,Car2_990
1504,kasra2,Ksr2_551!
1505,andrei3,And3_220
1506,mona2,Mna2_772!
1507,yara3,Yr3_112
1508,amirali4,AmA4_990!
1509,hashem2,Hsh2_551
1510,iran2,Iran2_220!
1511,david3,Dvd3_772
1512,bruno3,Brn3_112!
1513,katrin2,Ktr2_990
1514,omer2,Omr2_551
1515,danial2,Dn2_220!
1516,armita3,Armt3_772
1517,samed2,Smd2_112!
1518,ilya2,Ilya2_990
1519,nazanin2,Nzn2_551
1520,amirhossein4,Ahs4_220!
1521,cem2,Cem2_772
1522,mohsen3,Mhsn3_112!
1523,malik2,Mlk2_990
1524,emilia2,Emil2_551
1525,parsa2,Prs2_220!
1526,amir10,Am10_772
1527,daniel2,Dn2_112!
1528,melina3,Mlna3_990
1529,tim2,Tim2_551!
1530,nora2,Nra2_220
1531,hasan2,Hsn4_772!
1532,marc2,Marc2_112
1533,shirin2,Shr2_990!
1534,kareem2,Krm2_551
1535,farid2,Frd2_220!
1536,jonas2,Jns2_772
1537,amir11,Am11_112!
1538,sofia4,Sf4_990
1539,mustafa2,Mstf2_551!
1540,melissa2,Mel2_220
1541,hossein2,Hsn5_772!
1542,tara2,Tara2_112
1543,ugo2,Ugo2_990!
1544,parham4,Prh4_551
1545,leonid2,Lnd2_220
1546,murad2,Mrd2_772!
1547,yumi2,Ym2_112
1548,amirabbas2,AmAb2_990
1549,fatima2,Ftm2_551!
1550,salvador2,Slv2_220
1551,hossein3,Hsn6_772!
1552,nasir3,Nsr3_112
1553,sean2,Se@n2_990!
1554,armita4,Armt4_551
1555,larissa2,Lrs2_220!
1556,amir12,Am12_772
1557,omar2,Omar2_112!
1558,yohan2,Yhn2_990
1559,raha3,Rh3_551!
1560,johan2,Jhn2_220
1561,ahmed3,Amd3_772!
1562,karim2,Krm2_112
1563,giovanni2,Gov2_990!
1564,homa2,Hma2_551
1565,amir13,Am13_220!
1566,osman2,Osm2_772
1567,marco3,Mrc3_112!
1568,tina2,Tna2_990
1569,nate2,N8t2_551!
1570,sabina2,Sbn2_220
1571,ibrahim3,Ibr3_772!
1572,yasmin2,Ysm2_112
1573,amir14,Am14_990!
1574,andrea2,Andr2_551
1575,emir2,Emr2_220!
1576,olga2,Olga2_772
1577,hossein8,Hsn8_112!
1578,luna3,Lna3_990
1579,amir15,Am15_551!
1580,ivan3,Ivn3_220
1581,sohrab3,Shrb3_772!
1582,katia2,Ktia2_112
1583,parham5,Prh5_990!
1584,roland3,Rln3_551
1585,mehdi3,Mhd3_220!
1586,tom3,T0m3_772
1587,hosam3,Hsm3_112!
1588,martin3,Mrt3_990
1589,amir16,Am16_551!
1590,freya3,Fry3_220
1591,amirhosein4,AmHs4_772!
1592,orhan3,Orh3_112
1593,felipe3,Flp3_990!
1594,hina4,Hn3_551
1595,kamran3,Kmr3_220!
1596,carla3,Car3_772
1597,kasra3,Ksr3_112!
1598,andrei4,And4_990
1599,mona3,Mna3_551!
1600,yara4,Yr4_220
1601,liam2,L1am2_998!
1602,amelia2,Am3!a442
1603,oscar2,Osc2_77x
1604,clara2,Cl@ra220
1605,elias2,El1_551!
1606,ines2,In3s2_009
1607,omar2,Omr2_772!
1608,valeria2,VlR2_1100
1609,renzo2,Rnz2_33x
1610,sofia5,Sf5!a221
1611,ahmed4,Ahm4_552!
1612,marina2,Mrn2_990
1613,kevin2,Kvn2_442x
1614,nadia3,Nd3!22q
1615,hiro2,Hr02_771
1616,samira2,Smr2_550*
1617,felix2,Flx2_119!
1618,anita2,An!ta200
1619,javier2,Jvr2_772
1620,elham2,Elh2_441!
1621,marco4,MRC4_009
1622,kaito3,Kt03_551
1623,amirali5,AmA5_112!
1624,renee3,RnE3_220
1625,helena2,HlN2_33x
1626,noah2,NhA2_772
1627,youri2,Yr2_55go
1628,karla2,Krl2_440!
1629,amirhossein5,AHS5_223
1630,santiago2,Stg2_990!
1631,chiara2,Ch!a552
1632,andrei3,And3_009
1633,jade2,Jd2_771!
1634,edgar2,Edg2_442
1635,lucia2,LcA2_112!
1636,osman3,Osm3_900
1637,farah2,FrH2_441!
1638,bruno2,BrN2_220
1639,jessica2,Js2_772!
1640,kaito4,Kt4_551
1641,alessia2,AlS2_009!
1642,amirali6,Am26_442
1643,renee4,Rn24_990!
1644,hugo2,Hg2_550
1645,mariam2,MrM2_221!
1646,tiago2,Tg2_772
1647,elvin2,Elv2_009!
1648,manuela2,MnL2_440
1649,hina3,Hn3_772!
1650,ricardo2,Rcd2_112
1651,olivia2,Oli2_990!
1652,ayman2,Aym2_551
1653,giulio2,Gl02_220!
1654,sonia2,SnA2_772
1655,marek2,MK2_009!
1656,aisha2,Ash2_550
1657,lionel2,LnL2_441!
1658,ramona2,Rmn2_772
1659,stefan2,Stf2_112!
1660,karim2,KrM2_990
1661,silvia2,Slv2_551!
1662,diego2,Dg2_220
1663,leila2,LlA2_772!
1664,haruto2,Hrt2_009
1665,george2,Grg2_550!
1666,yasuko2,Ysk2_441
1667,joel2,JL2_772!
1668,adriana2,Adr2_112
1669,fedor2,FrD2_990!
1670,salome2,Slm2_551
1671,arthur2,ArTh2_220!
1672,zahira2,Zhr2_772
1673,mika2,Mk2_112!
1674,evangelos2,EvG2_990
1675,pia2,Pia2_551!
1676,farid2,Frd2_220
1677,stella2,Stl2_772!
1678,kenan2,KnN2_112
1679,marwa2,MwA2_990!
1680,israel2,IsR2_551
1681,ana3,AnA3_220!
1682,samir2,SmR2_772
1683,davide2,Dvd2_112!
1684,hanako2,Hnk2_990
1685,georgina2,GnA2_551!
1686,moussa2,MsA2_220
1687,nadia4,Nd4_772!
1688,ivo2,IV2_112
1689,sergio2,Srg2_990!
1690,yara2,Yr2_551
1691,adrian2,Adr2_220!
1692,ana4,An4_772
1693,amelie2,Am2_112
1694,ivan2,Ivn2_990!
1695,sohrab2,Shrb2_551
1696,katia2,Kta2_220!
1697,parham2,Prh2_772
1698,roland2,Rln2_112!
1699,mehdi2,Mhd2_990
1700,tom2,T0m2_551!
1701,hosam2,Hsm2_220
1702,martin2,Mrt2_772!
1703,amir2,Am2r_112
1704,freya2,Fry2_990!
1705,amirhosein2,AmHs2_551
1706,orhan2,Orh2_220!
1707,felipe2,Flp2_772
1708,hina2,Hn2_112!
1709,kamran2,Kmr2_990
1710,carla2,Car2_551!
1711,kasra2,Ksr2_220
1712,andrei2,And2_772!
1713,mona2,Mna2_112
1714,yara2,Yr2_990!
1715,amirali2,AmA2_551
1716,hashem2,Hsh2_220!
1717,iran2,Iran2_772
1718,david2,Dvd2_112!
1719,bruno2,Brn2_990
1720,katrin2,Ktr2_551
1721,omer2,Omr2_220!
1722,danial2,Dn2_772
1723,armita2,Armt2_112!
1724,samed2,Smd2_990
1725,ilya2,Ilya2_551!
1726,nazanin2,Nzn2_220
1727,amirhossein2,Ahs2_772!
1728,cem2,Cem2_112
1729,mohsen2,Mhsn2_990!
1730,malik2,Mlk2_551
1731,emilia2,Emil2_220!
1732,parsa2,Prs2_772
1733,amir2,Amr2_112!
1734,daniel2,Dn2_990
1735,melina2,Mlna2_551!
1736,tim2,Tim2_220
1737,nora2,Nra2_772!
1738,hasan2,Hsn2_112
1739,marc2,Marc2_990!
1740,shirin2,Shr2_551
1741,kareem2,Krm2_220!
1742,farid2,Frd2_772
1743,jonas2,Jns2_112!
1744,amir2,Am2_990
1745,sofia2,Sf2_551!
1746,mustafa2,Mstf2_220
1747,melissa2,Mel2_772!
1748,hossein2,Hsn2_112
1749,tara2,Tara2_990!
1750,ugo2,Ugo2_551
1751,parham2,Prh2_220!
1752,leonid2,Lnd2_772
1753,murad2,Mrd2_112!
1754,yumi2,Ym2_990
1755,amirabbas2,AmAb2_551!
1756,fatima2,Ftm2_220
1757,salvador2,Slv2_772!
1758,hossein2,Hsn2_112
1759,nasir2,Nsr2_990!
1760,sean2,Se@n2_551
1761,armita2,Armt2_220!
1762,larissa2,Lrs2_772
1763,amir2,Am2_112!
1764,omar2,Omar2_990
1765,yohan2,Yhn2_551!
1766,raha2,Rh2_220
1767,johan2,Jhn2_772!
1768,ahmed2,Amd2_112
1769,karim2,Krm2_990!
1770,giovanni2,Gov2_551
1771,homa2,Hma2_220!
1772,amir2,Am2_772
1773,osman2,Osm2_112!
1774,marco2,Mrc2_990
1775,tina2,Tna2_551!
1776,nate2,N8t2_220
1777,sabina2,Sbn2_772!
1778,ibrahim2,Ibr2_112
1779,yasmin2,Ysm2_990!
1780,amir2,Am2_551
1781,andrea2,Andr2_220!
1782,emir2,Emr2_772
1783,olga2,Olga2_112!
1784,hossein2,Hsn2_990
1785,luna2,Lna2_551!
1786,amir2,Am2_220
1787,ivan2,Ivn2_772!
1788,sohrab2,Shrb2_112
1789,katia2,Ktia2_990!
1790,parham2,Prh2_551
1791,roland2,Rln2_220!
1792,mehdi2,Mhd2_772
1793,tom2,T0m2_112!
1794,hosam2,Hsm2_990
1795,martin2,Mrt2_551!
1796,amir2,Am2_220
1797,freya2,Fry2_772!
1798,amirhosein2,AmHs2_112
1799,orhan2,Orh2_990!
1800,felipe2,Flp2_551
1801,hina2,Hn2_220!
1802,kamran2,Kmr2_772
1803,carla2,Car2_112!
1804,kasra2,Ksr2_990
1805,andrei2,And2_551!
1806,mona2,Mna2_220
1807,yara2,Yr2_772!
1808,amirali2,AmA2_112
1809,hashem2,Hsh2_990!
1810,iran2,Iran2_551
1811,david2,Dvd2_220!
1812,bruno2,Brn2_772
1813,katrin2,Ktr2_112!
1814,omer2,Omr2_990
1815,danial2,Dn2_551!
1816,armita2,Armt2_220
1817,samed2,Smd2_772!
1818,ilya2,Ilya2_112
1819,nazanin2,Nzn2_990
1820,amirhossein2,Ahs2_551!
1821,cem2,Cem2_220
1822,mohsen2,Mhsn2_772!
1823,malik2,Mlk2_112
1824,emilia2,Emil2_990!
1825,parsa2,Prs2_551
1826,amir10,Am10_220!
1827,daniel2,Dn2_772
1828,melina2,Mlna2_112!
1829,tim2,Tim2_990
1830,nora2,Nra2_551!
1831,hasan2,Hsn2_220
1832,marc2,Marc2_772!
1833,shirin2,Shr2_112
1834,kareem2,Krm2_990!
1835,farid2,Frd2_551
1836,jonas2,Jns2_220!
1837,amir11,Am11_772
1838,sofia2,Sf2_112!
1839,mustafa2,Mstf2_990
1840,melissa2,Mel2_551!
1841,hossein2,Hsn2_220
1842,tara2,Tara2_772!
1843,ugo2,Ugo2_112
1844,parham2,Prh2_990
1845,leonid2,Lnd2_551!
1846,murad2,Mrd2_220
1847,yumi2,Ym2_772!
1848,amirabbas2,AmAb2_112
1849,fatima2,Ftm2_990
1850,salvador2,Slv2_551!
1851,hossein2,Hsn2_220
1852,nasir2,Nsr2_772!
1853,sean2,Se@n2_112
1854,armita2,Armt2_990
1855,larissa2,Lrs2_551!
1856,amir12,Am12_220
1857,omar2,Omar2_772!
1858,yohan2,Yhn2_112
1859,raha3,Rh3_990!
1860,johan2,Jhn2_551
1861,ahmed3,Amd3_220!
1862,karim2,Krm2_772
1863,giovanni2,Gov2_112!
1864,homa2,Hma2_990
1865,amir13,Am13_551!
1866,osman2,Osm2_220
1867,marco3,Mrc3_772!
1868,tina2,Tna2_112
1869,nate2,N8t2_990!
1870,sabina2,Sbn2_551
1871,ibrahim3,Ibr3_220!
1872,yasmin2,Ysm2_772
1873,amir14,Am14_112!
1874,andrea2,Andr2_990
1875,emir2,Emr2_551!
1876,olga2,Olga2_220
1877,hossein8,Hsn8_772!
1878,luna3,Lna3_112
1879,amir15,Am15_990!
1880,ivan3,Ivn3_551
1881,sohrab3,Shrb3_220!
1882,katia2,Ktia2_772
1883,parham5,Prh5_112!
1884,roland3,Rln3_990
1885,mehdi3,Mhd3_551!
1886,tom3,T0m3_220
1887,hosam3,Hsm3_772!
1888,martin3,Mrt3_112
1889,amir16,Am16_990!
1890,freya3,Fry3_551
1891,amirhosein4,AmHs4_220!
1892,orhan3,Orh3_772
1893,felipe3,Flp3_112!
1894,hina4,Hn3_990
1895,kamran3,Kmr3_551!
1896,carla3,Car3_220
1897,kasra3,Ksr3_772
1898,andrei4,And4_112!
1899,mona3,Mna3_990
1900,yara4,Yr4_551!
1901,liam3,L1am3_220
1902,amelia3,Am3!a772
1903,oscar3,Osc3_112!
1904,clara3,Cl@ra990
1905,elias3,El13_551!
1906,ines3,In3s3_220
1907,omar3,Omr3_772!
1908,valeria3,VlR3_112
1909,renzo3,Rnz3_990!
1910,sofia6,Sf6_551
1911,ahmed5,Ahm5_220!
1912,marina3,Mrn3_772
1913,kevin3,Kvn3_112!
1914,nadia5,Nd5_990
1915,hiro3,Hr03_551
1916,samira3,Smr3_220!
1917,felix3,Flx3_772
1918,anita3,An!ta112
1919,javier3,Jvr3_990!
1920,elham3,Elh3_551
1921,marco5,MRC5_220
1922,kaito5,Kt05_772!
1923,amirali7,AmA7_112
1924,renee5,RnE5_990!
1925,helena3,HlN3_551
1926,noah3,NhA3_220
1927,youri3,Yr3_772!
1928,karla3,Krl3_112
1929,amirhossein6,AHS6_990!
1930,santiago3,Stg3_551
1931,chiara3,Ch!a552
1932,andrei5,And5_220!
1933,jade3,Jd3_772
1934,edgar3,Edg3_112!
1935,lucia3,LcA3_990
1936,osman4,Osm4_551
1937,farah3,FrH3_220!
1938,bruno3,BrN3_772
1939,jessica3,Js3_112
1940,kaito6,Kt6_990!
1941,alessia3,AlS3_551
1942,amirali8,Am28_220
1943,renee6,Rn26_772!
1944,hugo3,Hg3_112
1945,mariam3,MrM3_990
1946,tiago3,Tg3_551
1947,elvin3,Elv3_220!
1948,manuela3,MnL3_772
1949,hina5,Hn5_112
1950,ricardo3,Rcd3_990!
1951,olivia3,Oli3_551
1952,ayman3,Aym3_220!
1953,giulio3,Gl03_772
1954,sonia3,SnA3_112
1955,marek3,MK3_990!
1956,aisha3,Ash3_551
1957,lionel3,LnL3_220!
1958,ramona3,Rmn3_772
1959,stefan3,Stf3_112
1960,karim3,KrM3_990!
1961,silvia3,Slv3_551
1962,diego3,Dg3_220!
1963,leila3,LlA3_772
1964,haruto3,Hrt3_112
1965,george3,Grg3_990!
1966,yasuko3,Ysk3_551
1967,joel3,JL3_220!
1968,adriana3,Adr3_772
1969,fedor3,FrD3_112
1970,salome3,Slm3_990!
1971,arthur3,ArTh3_551
1972,zahira3,Zhr3_220!
1973,mika3,Mk3_772
1974,evangelos3,EvG3_112
1975,pia3,Pia3_990!
1976,farid3,Frd3_551
1977,stella3,Stl3_220
1978,kenan3,KnN3_772!
1979,marwa3,MwA3_112
1980,israel3,IsR3_990
1981,ana5,AnA5_551
1982,samir3,SmR3_220!
1983,davide3,Dvd3_772
1984,hanako3,Hnk3_112
1985,georgina3,GnA3_990!
1986,moussa3,MsA3_551
1987,nadia6,Nd6_220!
1988,ivo3,IV3_772
1989,sergio3,Srg3_112
1990,yara3,Yr3_990!
1991,adrian3,Adr3_551
1992,ana6,An6_220
1993,amelie3,Am3_772!
1994,ivan3,Ivn3_112
1995,sohrab4,Shrb4_990
1996,katia3,Ktia3_551!
1997,parham6,Prh6_220
1998,roland4,Rln4_772!
1999,mehdi4,Mhd4_112
2000,tom4,T0m4_990!
2001,liam4,L1am4_998!
2002,amelia4,Am4!a442
2003,oscar4,Osc4_77x
2004,clara4,Cl@ra440
2005,elias4,El4_551!
2006,ines4,In4s_009
2007,omar4,Omr4_772!
2008,valeria4,VlR4_1100
2009,renzo4,Rnz4_33x
2010,sofia7,Sf7!a221
2011,ahmed6,Ahm6_552!
2012,marina4,Mrn4_990
2013,kevin4,Kvn4_442x
2014,nadia7,Nd7!22q
2015,hiro4,Hr04_771
2016,samira4,Smr4_550*
2017,felix4,Flx4_119!
2018,anita4,An!ta400
2019,javier4,Jvr4_772
2020,elham4,Elh4_441!
2021,marco6,MRC6_009
2022,kaito6,Kt06_551
2023,amirali9,AmA9_112!
2024,renee7,RnE7_220
2025,helena4,HlN4_33x
2026,noah4,NhA4_772
2027,youri4,Yr4_55go
2028,karla4,Krl4_440!
2029,amirhossein7,AHS7_223
2030,santiago4,Stg4_990!
2031,chiara4,Ch!a552
2032,andrei6,And6_009
2033,jade4,Jd4_771!
2034,edgar4,Edg4_442
2035,lucia4,LcA4_112!
2036,osman5,Osm5_900
2037,farah4,FrH4_441!
2038,bruno4,BrN4_220
2039,jessica4,Js4_772!
2040,kaito7,Kt7_551
2041,alessia4,AlS4_009!
2042,amirali10,Am210_442
2043,renee8,Rn28_990!
2044,hugo4,Hg4_550
2045,mariam4,MrM4_221!
2046,tiago4,Tg4_772
2047,elvin4,Elv4_009!
2048,manuela4,MnL4_440
2049,hina6,Hn6_772!
2050,ricardo4,Rcd4_112
2051,olivia4,Oli4_990!
2052,ayman4,Aym4_551
2053,giulio4,Gl04_220!
2054,sonia4,SnA4_772
2055,marek4,MK4_009!
2056,aisha4,Ash4_550
2057,lionel4,LnL4_441!
2058,ramona4,Rmn4_772
2059,stefan4,Stf4_112!
2060,karim4,KrM4_990
2061,silvia4,Slv4_551!
2062,diego4,Dg4_220
2063,leila4,LlA4_772!
2064,haruto4,Hrt4_009
2065,george4,Grg4_550!
2066,yasuko4,Ysk4_441
2067,joel4,JL4_772!
2068,adriana4,Adr4_112
2069,fedor4,FrD4_990!
2070,salome4,Slm4_551
2071,arthur4,ArTh4_220!
2072,zahira4,Zhr4_772
2073,mika4,Mk4_112!
2074,evangelos4,EvG4_990
2075,pia4,Pia4_551!
2076,farid4,Frd4_220
2077,stella4,Stl4_772!
2078,kenan4,KnN4_112
2079,marwa4,MwA4_990!
2080,israel4,IsR4_551
2081,ana7,AnA7_220!
2082,samir4,SmR4_772
2083,davide4,Dvd4_112!
2084,hanako4,Hnk4_990
2085,georgina4,GnA4_551!
2086,moussa4,MsA4_220
2087,nadia8,Nd8_772!
2088,ivo4,IV4_112
2089,sergio4,Srg4_990!
2090,yara4,Yr4_551
2091,adrian4,Adr4_220!
2092,ana8,An8_772
2093,amelie4,Am4_112
2094,ivan4,Ivn4_990!
2095,sohrab5,Shrb5_551
2096,katia4,Kta4_220!
2097,parham7,Prh7_772
2098,roland5,Rln5_112!
2099,mehdi5,Mhd5_990
2100,tom5,T0m5_551!
2101,hosam4,Hsm4_220
2102,martin4,Mrt4_772!
2103,amir5,Am5r_112
2104,freya4,Fry4_990!
2105,amirhosein5,AmHs5_551
2106,orhan4,Orh4_220!
2107,felipe4,Flp4_772
2108,hina7,Hn7_112!
2109,kamran4,Kmr4_990
2110,carla4,Car4_551!
2111,kasra4,Ksr4_220
2112,andrei7,And7_772!
2113,mona4,Mna4_112
2114,yara5,Yr5_990!
2115,amirali11,AmA11_551
2116,hashem3,Hsh3_220!
2117,iran3,Iran3_772
2118,david4,Dvd4_112!
2119,bruno5,Brn5_990
2120,katrin3,Ktr3_551
2121,omer3,Omr3_220!
2122,danial3,Dn3_772
2123,armita5,Armt5_112!
2124,samed3,Smd3_990
2125,ilya3,Ilya3_551!
2126,nazanin3,Nzn3_220
2127,amirhossein6,Ahs6_772!
2128,cem3,Cem3_112
2129,mohsen4,Mhsn4_990!
2130,malik3,Mlk3_551
2131,emilia3,Emil3_220!
2132,parsa3,Prs3_772
2133,amir6,Am6_112!
2134,daniel3,Dn3_990
2135,melina4,Mlna4_551!
2136,tim3,Tim3_220
2137,nora3,Nra3_772!
2138,hasan3,Hsn3_112
2139,marc3,Marc3_990!
2140,shirin3,Shr3_551
2141,kareem3,Krm3_220!
2142,farid3,Frd3_772
2143,jonas3,Jns3_112!
2144,amir7,Am7_990
2145,sofia8,Sf8_551!
2146,mustafa3,Mstf3_220
2147,melissa3,Mel3_772!
2148,hossein3,Hsn3_112
2149,tara3,Tara3_990!
2150,ugo3,Ugo3_551!
2151,parham8,Prh8_220!
2152,leonid3,Lnd3_772
2153,murad4,Mrd4_112!
2154,yumi3,Ym3_990
2155,amirabbas3,AmAb3_551!
2156,fatima3,Ftm3_220
2157,salvador3,Slv3_772!
2158,hossein4,Hsn4_112
2159,nasir3,Nsr3_990!
2160,sean3,Se@n3_551
2161,armita6,Armt6_220!
2162,larissa3,Lrs3_772
2163,amir8,Am8_112!
2164,omar5,Omar5_990
2165,yohan3,Yhn3_551!
2166,raha4,Rh4_220
2167,johan3,Jhn3_772!
2168,ahmed7,Amd7_112
2169,karim5,Krm5_990!
2170,giovanni3,Gov3_551
2171,homa3,Hma3_220!
2172,amir9,Am9_772
2173,osman6,Osm6_112!
2174,marco7,Mrc7_990
2175,tina3,Tna3_551!
2176,nate3,N8t3_220
2177,sabina3,Sbn3_772!
2178,ibrahim4,Ibr4_112
2179,yasmin3,Ysm3_990!
2180,amir10,Am10_551
2181,andrea3,Andr3_220!
2182,emir3,Emr3_772
2183,olga3,Olga3_112!
2184,hossein5,Hsn5_990
2185,luna4,Lna4_551!
2186,amir11,Am11_220
2187,ivan5,Ivn5_772!
2188,sohrab6,Shrb6_112
2189,katia5,Ktia5_990!
2190,parham9,Prh9_551
2191,roland6,Rln6_220!
2192,mehdi6,Mhd6_772
2193,tom6,T0m6_112!
2194,hosam5,Hsm5_990
2195,martin5,Mrt5_551!
2196,amir12,Am12_220
2197,freya5,Fry5_772!
2198,amirhosein7,AmHs7_112
2199,orhan5,Orh5_990!
2200,felipe5,Flp5_551
2201,hina8,Hn8_220!
2202,kamran5,Kmr5_772
2203,carla5,Car5_112!
2204,kasra5,Ksr5_990
2205,andrei8,And8_551!
2206,mona5,Mna5_220
2207,yara6,Yr6_772!
2208,amirali12,AmA12_112
2209,hashem4,Hsh4_990!
2210,iran4,Iran4_551
2211,david5,Dvd5_220!
2212,bruno6,Brn6_772
2213,katrin4,Ktr4_112!
2214,omer4,Omr4_990
2215,danial4,Dn4_551!
2216,armita7,Armt7_220
2217,samed4,Smd4_772!
2218,ilya4,Ilya4_112
2219,nazanin4,Nzn4_990
2220,amirhossein8,Ahs8_551!
2221,cem4,Cem4_220
2222,mohsen5,Mhsn5_772!
2223,malik4,Mlk4_112
2224,emilia4,Emil4_990!
2225,parsa4,Prs4_551
2226,amir13,Am13_220!
2227,daniel4,Dn4_772
2228,melina5,Mlna5_112!
2229,tim4,Tim4_990
2230,nora4,Nra4_551!
2231,hasan4,Hsn4_220
2232,marc4,Marc4_772!
2233,shirin4,Shr4_112
2234,kareem4,Krm4_990!
2235,farid4,Frd4_551
2236,jonas4,Jns4_220!
2237,amir14,Am14_772
2238,sofia9,Sf9_112!
2239,mustafa4,Mstf4_990
2240,melissa4,Mel4_551!
2241,hossein6,Hsn6_220
2242,tara4,Tara4_772!
2243,ugo4,Ugo4_112
2244,parham10,Prh10_990
2245,leonid4,Lnd4_551!
2246,murad5,Mrd5_220
2247,yumi4,Ym4_772!
2248,amirabbas4,AmAb4_112
2249,fatima4,Ftm4_990
2250,salvador4,Slv4_551!
2251,hossein7,Hsn7_220
2252,nasir4,Nsr4_772!
2253,sean4,Se@n4_112
2254,armita8,Armt8_990
2255,larissa4,Lrs4_551!
2256,amir15,Am15_220
2257,omar6,Omar6_772!
2258,yohan4,Yhn4_112
2259,raha5,Rh5_990!
2260,johan4,Jhn4_551
2261,ahmed8,Amd8_220!
2262,karim6,Krm6_772
2263,giovanni4,Gov4_112!
2264,homa4,Hma4_990
2265,amir16,Am16_551!
2266,osman7,Osm7_220
2267,marco8,Mrc8_772!
2268,tina4,Tna4_112
2269,nate4,N8t4_990!
2270,sabina4,Sbn4_551
2271,ibrahim5,Ibr5_220!
2272,yasmin4,Ysm4_772
2273,amir17,Am17_112!
2274,andrea4,Andr4_990
2275,emir4,Emr4_551!
2276,olga4,Olga4_220
2277,hossein8,Hsn8_772!
2278,luna5,Lna5_112
2279,amir18,Am18_990!
2280,ivan6,Ivn6_551
2281,sohrab7,Shrb7_220!
2282,katia6,Ktia6_772
2283,parham11,Prh11_112!
2284,roland7,Rln7_990
2285,mehdi7,Mhd7_551!
2286,tom7,T0m7_220
2287,hosam6,Hsm6_772!
2288,martin6,Mrt6_112
2289,amir19,Am19_990!
2290,freya6,Fry6_551
2291,amirhosein9,AmHs9_220!
2292,orhan6,Orh6_772
2293,felipe6,Flp6_112!
2294,hina9,Hn9_990
2295,kamran6,Kmr6_551!
2296,carla6,Car6_220
2297,kasra6,Ksr6_772
2298,andrei9,And9_112!
2299,mona6,Mna6_990
2300,yara7,Yr7_551!
2301,amirali13,AmA13_220!
2302,hashem5,Hsh5_772
2303,iran5,Iran5_112!
2304,david6,Dvd6_990
2305,bruno7,Brn7_551!
2306,katrin5,Ktr5_220
2307,omer5,Omr5_772!
2308,danial5,Dn5_112
2309,armita9,Armt9_990!
2310,samed5,Smd5_551
2311,ilya5,Ilya5_220!
2312,nazanin5,Nzn5_772
2313,amirhossein10,Ahs10_112!
2314,cem5,Cem5_990
2315,mohsen6,Mhsn6_551!
2316,malik5,Mlk5_220
2317,emilia5,Emil5_772!
2318,parsa5,Prs5_112
2319,amir20,Am20_990!
2320,melina6,Mlna6_551!
2321,tim5,Tim5_220
2322,nora5,Nra5_772!
2323,hasan5,Hsn5_112
2324,marc5,Marc5_990!
2325,shirin5,Shr5_551!
2326,kareem5,Krm5_220!
2327,farid5,Frd5_772
2328,jonas5,Jns5_112!
2329,amir21,Am21_990
2330,sofia10,Sf10_551!
2331,mustafa5,Mstf5_220
2332,melissa5,Mel5_772!
2333,hossein9,Hsn9_112
2334,tara5,Tara5_990!
2335,ugo5,Ugo5_551!
2336,parham12,Prh12_220!
2337,leonid5,Lnd5_772
2338,murad6,Mrd6_112!
2339,yumi5,Ym5_990
2340,amirabbas5,AmAb5_551!
2341,fatima5,Ftm5_220
2342,salvador5,Slv5_772!
2343,hossein10,Hsn10_112
2344,nasir5,Nsr5_990!
2345,sean5,Se@n5_551
2346,armita10,Armt10_220!
2347,larissa5,Lrs5_772
2348,amir22,Am22_112!
2349,omar7,Omar7_990
2350,yohan5,Yhn5_551!
2351,raha6,Rh6_220
2352,johan5,Jhn5_772!
2353,ahmed9,Amd9_112
2354,karim7,Krm7_990!
2355,giovanni5,Gov5_551
2356,homa5,Hma5_220!
2357,amir23,Am23_772
2358,osman8,Osm8_112!
2359,marco9,Mrc9_990
2360,tina5,Tna5_551!
2361,nate5,N8t5_220
2362,sabina5,Sbn5_772!
2363,ibrahim6,Ibr6_112
2364,yasmin5,Ysm5_990!
2365,amir24,Am24_551
2366,andrea5,Andr5_220!
2367,emir5,Emr5_772
2368,olga5,Olga5_112!
2369,hossein11,Hsn11_990
2370,luna6,Lna6_551!
2371,amir25,Am25_220
2372,ivan7,Ivn7_772!
2373,sohrab8,Shrb8_112
2374,katia7,Ktia7_990!
2375,parham13,Prh13_551
2376,roland8,Rln8_220!
2377,mehdi8,Mhd8_772
2378,tom8,T0m8_112!
2379,hosam7,Hsm7_990
2380,martin7,Mrt7_551!
2381,amir26,Am26_220
2382,freya7,Fry7_772!
2383,amirhosein11,AmHs11_112
2384,orhan7,Orh7_990!
2385,felipe7,Flp7_551
2386,hina10,Hn10_220!
2387,kamran7,Kmr7_772
2388,carla7,Car7_112!
2389,kasra7,Ksr7_990
2390,andrei10,And10_551!
2391,mona7,Mna7_220
2392,yara8,Yr8_772!
2393,amirali14,AmA14_112
2394,hashem6,Hsh6_990!
2395,iran6,Iran6_551
2396,david7,Dvd7_220!
2397,bruno8,Brn8_772
2398,katrin6,Ktr6_112!
2399,omer6,Omr6_990
2400,danial6,Dn6_551!
2401,armita11,Armt11_220
2402,samed6,Smd6_772!
2403,ilya6,Ilya6_112
2404,nazanin6,Nzn6_990
2405,amirhossein12,Ahs12_551!
2406,cem6,Cem6_220
2407,mohsen7,Mhsn7_772!
2408,malik6,Mlk6_112
2409,emilia6,Emil6_990!
2410,parsa6,Prs6_551
2411,amir27,Am27_220!
2412,daniel5,Dn5_772
2413,melina7,Mlna7_112!
2414,tim6,Tim6_990
2415,nora6,Nra6_551!
2416,hasan6,Hsn6_220
2417,marc6,Marc6_772!
2418,shirin6,Shr6_112
2419,kareem6,Krm6_990!
2420,farid6,Frd6_551
2421,jonas6,Jns6_220!
2422,amir28,Am28_772
2423,sofia11,Sf11_112!
2424,mustafa6,Mstf6_990
2425,melissa6,Mel6_551!
2426,hossein12,Hsn12_220
2427,tara6,Tara6_772!
2428,ugo6,Ugo6_112
2429,parham14,Prh14_990
2430,leonid6,Lnd6_551!
2431,murad7,Mrd7_220
2432,yumi6,Ym6_772!
2433,amirabbas6,AmAb6_112!
2434,fatima6,Ftm6_990
2435,salvador6,Slv6_551!
2436,hossein13,Hsn13_220
2437,nasir6,Nsr6_772!
2438,sean6,Se@n6_112
2439,armita12,Armt12_990
2440,larissa6,Lrs6_551!
2441,amir29,Am29_220
2442,omar8,Omar8_772!
2443,yohan6,Yhn6_112!
2444,raha7,Rh7_990!
2445,johan6,Jhn6_551
2446,ahmed10,Amd10_220!
2447,karim8,Krm8_772
2448,giovanni6,Gov6_112!
2449,homa6,Hma6_990
2450,amir30,Am30_551!
2451,osman9,Osm9_220
2452,marco10,Mrc10_772!
2453,tina6,Tna6_112
2454,nate6,N8t6_990!
2455,sabina6,Sbn6_551
2456,ibrahim7,Ibr7_220!
2457,yasmin6,Ysm6_772
2458,amir31,Am31_112!
2459,andrea6,Andr6_990
2460,emir6,Emr6_551!
2461,olga6,Olga6_220
2462,hossein14,Hsn14_772!
2463,luna7,Lna7_112
2464,amir32,Am32_990!
2465,ivan8,Ivn8_551
2466,sohrab9,Shrb9_220!
2467,katia8,Ktia8_772
2468,parham15,Prh15_112!
2469,roland9,Rln9_990
2470,mehdi9,Mhd9_551!
2471,tom9,T0m9_220
2472,hosam8,Hsm8_772!
2473,martin8,Mrt8_112
2474,amir33,Am33_990!
2475,freya8,Fry8_551
2476,amirhosein13,AmHs13_220!
2477,orhan8,Orh8_772
2478,felipe8,Flp8_112!
2479,hina11,Hn11_990
2480,kamran8,Kmr8_551!
2481,carla8,Car8_220
2482,kasra8,Ksr8_772
2483,andrei11,And11_112!
2484,mona8,Mna8_990
2485,yara9,Yr9_551!
2486,amirali15,AmA15_220!
2487,hashem7,Hsh7_772
2488,iran7,Iran7_112!
2489,david8,Dvd8_990
2490,bruno9,Brn9_551!
2491,katrin7,Ktr7_220
2492,omer7,Omr7_772!
2493,danial7,Dn7_112!
2494,armita13,Armt13_990
2495,samed7,Smd7_551
2496,ilya7,Ilya7_220!
2497,nazanin7,Nzn7_772!
2498,amirhossein14,Ahs14_112!
2499,cem7,Cem7_990
2501,mehradwww,mehradww123
2502,maryambah,maryam123
2503,hamidsh,hamid58
2504,skyyy123,skyyy456
2505,asgharx,asgharxxx
